,test_loss,train_loss
0,9.289373970031738,0.00530980434268713
1,9.638618659973144,0.2946813702583313
2,11.967661476135254,0.6599544882774353
3,11.154506874084472,5.245730400085449
4,8.328889560699462,1.3484489917755127
5,7.957969379425049,1.0972580909729004
6,12.564803123474121,0.6934381127357483
7,10.671115112304687,3.905456304550171
8,10.509760570526122,2.224233627319336
9,8.534308528900146,2.984267234802246
10,11.763379096984863,1.7186404466629028
11,8.460371971130371,1.8626084327697754
12,10.837443733215332,6.077624320983887
13,9.283173561096191,1.386539340019226
14,8.298182153701783,1.6895605325698853
15,9.886279487609864,2.0450439453125
16,11.340015029907226,5.448626518249512
17,8.312551307678223,3.28127121925354
18,11.742502021789551,4.258082866668701
19,11.066925144195556,0.13788026571273804
20,10.862017822265624,4.886939525604248
21,11.113977146148681,1.8997492790222168
22,11.242606067657471,1.4812431335449219
23,12.934236431121827,1.5390129089355469
24,8.018295383453369,2.2986369132995605
25,9.364062976837157,2.318843364715576
26,9.914202022552491,2.3983452320098877
27,7.571112108230591,3.698089122772217
28,8.414782428741455,1.136458396911621
29,8.513936996459961,1.4201462268829346
30,8.70772933959961,1.1137466430664062
31,11.44275722503662,2.2951202392578125
32,10.433046531677245,4.663153171539307
33,14.276956272125243,3.5190982818603516
34,7.310799789428711,2.6517210006713867
35,10.30872392654419,1.7354605197906494
36,10.39449520111084,1.436328649520874
37,8.912390327453613,2.2173893451690674
38,11.081588172912598,2.1495134830474854
39,9.060314846038818,2.4954466819763184
40,6.706227493286133,2.2647645473480225
41,12.994285202026367,4.202630043029785
42,7.799897289276123,2.1172285079956055
43,13.740436935424805,2.600416421890259
44,10.606654930114747,1.1199657917022705
45,7.967607021331787,1.3571178913116455
46,5.829436826705932,1.3809728622436523
47,9.290108680725098,1.143500566482544
48,9.259013748168945,4.029578685760498
49,9.13053469657898,2.2322027683258057
50,9.558349990844727,0.5541629195213318
51,7.9688770294189455,1.995381236076355
52,10.03926420211792,3.592294454574585
53,14.482696866989135,2.6626899242401123
54,10.930636024475097,2.1146020889282227
55,7.680063343048095,3.286132335662842
56,11.256266593933105,1.9018958806991577
57,10.740871143341064,1.730911135673523
58,9.774403858184815,0.9027022123336792
59,9.714737796783448,0.8038312792778015
60,8.173186683654786,4.122967720031738
61,7.731454277038575,3.932326078414917
62,9.108781909942627,3.6496548652648926
63,8.34912281036377,1.158656358718872
64,9.179668426513672,1.1490468978881836
65,10.40217990875244,2.908601760864258
66,9.124998188018798,2.672682285308838
67,8.795448303222656,1.074020266532898
68,8.367877435684203,2.4253792762756348
69,8.49591131210327,0.4269196391105652
70,14.482156562805176,1.5355095863342285
71,8.409170150756836,2.81168794631958
72,9.736607074737549,3.698195457458496
73,6.7668983936309814,1.2350728511810303
74,10.964584350585938,1.1923671960830688
75,6.820745182037354,0.6448150277137756
76,7.038538265228271,0.4382038712501526
77,8.308236598968506,7.304166793823242
78,11.302580738067627,1.3879961967468262
79,9.29394760131836,3.370225429534912
80,7.729065799713135,2.818998336791992
81,8.124572467803954,1.4969525337219238
82,10.294212818145752,0.8239068984985352
83,7.863441753387451,6.449607849121094
84,6.108167028427124,1.144005298614502
85,8.152179145812989,2.6136279106140137
86,11.233542823791504,1.864280104637146
87,9.18342342376709,3.846385955810547
88,15.8315860748291,1.1023902893066406
89,9.246434020996094,2.887092113494873
90,10.41648464202881,3.393970489501953
91,11.607318305969239,1.830289363861084
92,10.344105911254882,1.1038786172866821
93,13.518067550659179,1.752249836921692
94,9.557411384582519,2.0413670539855957
95,7.640746402740478,1.4323432445526123
96,10.842348575592041,4.2895002365112305
97,10.432013130187988,1.922448992729187
98,7.190881252288818,0.9210139513015747
99,8.571377086639405,2.283017635345459
100,10.641407585144043,2.2013742923736572
101,5.147122144699097,2.6901323795318604
102,9.582519149780273,1.0645285844802856
103,12.32370433807373,2.454338550567627
104,10.005437278747559,1.3696651458740234
105,10.258443069458007,3.077197790145874
106,8.077991104125976,0.9584353566169739
107,7.113974285125733,3.616091728210449
108,10.26109857559204,1.8971141576766968
109,12.35377025604248,2.226824998855591
110,8.528765296936035,2.213027000427246
111,13.887790203094482,3.8941657543182373
112,7.055099105834961,3.1588313579559326
113,10.711633968353272,2.773029088973999
114,8.439966011047364,4.669798851013184
115,9.22167739868164,1.440445899963379
116,9.532166481018066,0.36509981751441956
117,9.078329467773438,1.1910958290100098
118,8.36336898803711,1.378747820854187
119,8.130946922302247,1.6054842472076416
120,9.052505779266358,0.8701101541519165
121,10.9506046295166,2.291980028152466
122,10.29614429473877,3.1307969093322754
123,10.845976066589355,3.628950357437134
124,8.544460868835449,1.4332139492034912
125,8.63392744064331,1.3172677755355835
126,11.470985221862794,3.1946492195129395
127,10.16612491607666,3.5026803016662598
128,7.532287883758545,0.607908308506012
129,8.9019700050354,1.004455327987671
130,11.102906322479248,1.854572057723999
131,7.743277072906494,5.830440044403076
132,9.901005172729493,0.9716715812683105
133,9.369876289367676,2.699739456176758
134,9.322619724273682,3.79693341255188
135,9.132333469390868,3.8965113162994385
136,9.062350177764893,1.3801888227462769
137,8.476309394836425,3.4551963806152344
138,9.756756687164307,2.666304349899292
139,8.872207641601562,1.2172237634658813
140,10.486606216430664,5.1497392654418945
141,7.587882804870605,1.2717033624649048
142,11.20858154296875,3.2841763496398926
143,10.448123359680176,1.615159511566162
144,8.439593315124512,1.3307690620422363
145,10.201900005340576,0.982489824295044
146,11.961297035217285,0.8881676197052002
147,8.336143970489502,1.28895103931427
148,8.241525459289551,1.9436120986938477
149,9.89146900177002,0.4498800039291382
150,8.10029878616333,1.2093714475631714
151,8.644200086593628,0.36791014671325684
152,7.668465232849121,0.7300890684127808
153,9.106513404846192,1.2396775484085083
154,8.011342525482178,0.9295080304145813
155,11.319033908843995,2.5490260124206543
156,10.967304992675782,0.6679777503013611
157,10.192284488677979,4.648000240325928
158,7.0558116912841795,2.32545804977417
159,8.730323600769044,1.6111407279968262
160,9.627328681945801,1.2245597839355469
161,9.561997509002685,3.963670253753662
162,11.098153781890868,0.35941556096076965
163,6.10299596786499,0.9105104207992554
164,6.6726377487182615,2.3363161087036133
165,12.023991966247559,1.402528166770935
166,8.774755096435547,0.5293533802032471
167,11.46628532409668,2.9374988079071045
168,11.288559722900391,1.883779764175415
169,7.220889568328857,1.3165912628173828
170,5.04204831123352,5.930375576019287
171,10.104910755157471,2.781917095184326
172,8.216020679473877,4.310884475708008
173,9.547132968902588,1.25274658203125
174,8.26282196044922,1.5996019840240479
175,10.301460456848144,1.834760069847107
176,6.701773834228516,0.7016783356666565
177,13.453651332855225,1.2397996187210083
178,9.86838150024414,1.9724113941192627
179,7.2772551536560055,3.1037349700927734
180,11.627387142181396,0.8789610862731934
181,9.166797256469726,0.5227428674697876
182,7.079663562774658,1.3744900226593018
183,9.15232582092285,2.9929986000061035
184,9.629176807403564,0.22399796545505524
185,6.284439039230347,3.7598538398742676
186,8.898434448242188,0.8371292352676392
187,8.339695358276368,0.394633948802948
188,9.546453475952148,4.482087135314941
189,10.026085948944091,0.8344023823738098
190,7.150817728042602,1.0933833122253418
191,6.9407871723175045,1.9246941804885864
192,8.911924934387207,3.052544116973877
193,8.257219314575195,0.3248078227043152
194,12.76661319732666,1.7823704481124878
195,7.373513317108154,1.5674951076507568
196,9.055098342895509,0.5710458159446716
197,6.608897256851196,3.8180103302001953
198,10.505507659912109,1.1026602983474731
199,7.088862514495849,0.29692092537879944
200,6.779284191131592,1.3351874351501465
201,10.011064815521241,0.6758972406387329
202,11.27273588180542,0.510331392288208
203,8.66111249923706,1.5788538455963135
204,6.859818601608277,1.2558180093765259
205,8.776051807403565,1.3182036876678467
206,11.52438564300537,1.2233918905258179
207,7.475978422164917,1.5729025602340698
208,6.6067962646484375,1.8485078811645508
209,9.532530689239502,0.33085042238235474
210,9.312246894836425,0.9793268442153931
211,12.20871868133545,0.8519428372383118
212,13.96644639968872,0.46064022183418274
213,6.706857299804687,0.6385564804077148
214,12.426954174041748,1.079197883605957
215,9.882080459594727,5.78634786605835
216,7.237120342254639,1.8371357917785645
217,13.803630828857422,2.3537380695343018
218,8.85535888671875,2.4059300422668457
219,7.1813883781433105,1.9937163591384888
220,10.242748737335205,1.1280767917633057
221,9.202680969238282,1.4684953689575195
222,7.234032058715821,0.747552216053009
223,8.897548389434814,0.4828155040740967
224,9.320417451858521,5.087629318237305
225,6.906324481964111,2.0232884883880615
226,9.95059289932251,0.6769028306007385
227,11.183688354492187,0.8866917490959167
228,7.340945386886597,1.1517739295959473
229,9.70687026977539,1.1088125705718994
230,8.764011192321778,1.0367754697799683
231,9.089195156097412,7.879400253295898
232,11.09726505279541,3.9396579265594482
233,10.401827812194824,1.5699880123138428
234,9.764324188232422,0.8987700343132019
235,9.675663471221924,2.0201737880706787
236,6.856349277496338,0.34471988677978516
237,8.013027572631836,1.5651780366897583
238,8.457548904418946,2.9235446453094482
239,10.319070625305176,0.6794162392616272
240,9.314759826660156,1.2695404291152954
241,8.864885139465333,2.1517276763916016
242,8.232734298706054,2.1968376636505127
243,9.824524116516113,0.3226860761642456
244,7.874155521392822,0.28845730423927307
245,10.351167678833008,2.6707310676574707
246,11.85762062072754,4.509477615356445
247,10.52163143157959,2.307737112045288
248,9.14841423034668,1.075913667678833
249,8.002027797698975,0.8729149103164673
250,11.348376274108887,0.9550273418426514
251,9.953875541687012,0.0573442280292511
252,7.024494075775147,0.9048902988433838
253,9.170718002319337,0.7642737627029419
254,11.189629650115966,2.7917332649230957
255,8.969358444213867,1.4000113010406494
256,10.191777801513672,0.5058133006095886
257,8.234186267852783,1.102891206741333
258,8.460808277130127,0.4189167022705078
259,10.503570747375488,1.4004451036453247
260,10.656649780273437,0.3447081446647644
261,8.737009716033935,1.9065686464309692
262,9.375254058837891,2.777681827545166
263,10.553883934020996,0.9038190841674805
264,11.941143226623534,0.40839797258377075
265,5.12875919342041,2.0882275104522705
266,11.85682315826416,0.19922399520874023
267,10.412112998962403,2.127955436706543
268,9.89553861618042,1.8432823419570923
269,10.070097541809082,0.8400007486343384
270,11.99592227935791,0.34930428862571716
271,8.640930938720704,0.2776608467102051
272,7.866474866867065,0.14504367113113403
273,8.890192604064941,0.6152349710464478
274,7.145782041549682,1.2680341005325317
275,8.52049207687378,0.0845448225736618
276,7.83209228515625,0.9573773145675659
277,9.080046081542969,0.21645523607730865
278,8.568047189712525,1.5909112691879272
279,10.796503257751464,0.27395641803741455
280,11.770577430725098,1.082909345626831
281,9.324856758117676,4.515964031219482
282,8.455750036239625,0.5137385725975037
283,9.003791046142577,0.40937697887420654
284,9.544356441497802,0.23392178118228912
285,8.461613941192628,0.28970828652381897
286,11.58565263748169,2.7956199645996094
287,5.78315224647522,0.41689783334732056
288,7.921073055267334,0.8526245951652527
289,11.997877311706542,0.11649420112371445
290,9.182820749282836,1.0234849452972412
291,11.298704433441163,2.3094489574432373
292,10.321004867553711,3.228950262069702
293,6.158674716949463,2.3741700649261475
294,6.861572647094727,3.1297574043273926
295,8.593165302276612,0.5445469617843628
296,7.848796224594116,2.620999574661255
297,9.48387689590454,0.5872920751571655
298,8.445201396942139,1.1434754133224487
299,9.79679307937622,1.3940701484680176
300,8.158555030822754,0.3276132643222809
301,13.72573413848877,1.0668686628341675
302,11.14451904296875,2.590785026550293
303,6.908891105651856,0.18533772230148315
304,11.832205963134765,0.32806840538978577
305,10.177716636657715,1.670251727104187
306,7.735122108459473,1.0595144033432007
307,9.746405506134034,0.2571027874946594
308,8.826753234863281,1.8623453378677368
309,6.665749740600586,0.7961011528968811
310,9.520218086242675,0.264527291059494
311,9.371119117736816,5.059177398681641
312,7.67929105758667,0.7831213474273682
313,8.941896104812622,4.525940895080566
314,8.748229217529296,0.6422451734542847
315,7.8305422306060795,1.3143999576568604
316,9.917582702636718,0.7959040403366089
317,8.292753601074219,2.788973331451416
318,13.553038024902344,1.3123400211334229
319,8.513574314117431,0.574862539768219
320,10.383133697509766,2.28149676322937
321,5.773977041244507,1.644005298614502
322,9.504307079315186,0.7173214554786682
323,7.776588344573975,0.3532130718231201
324,7.841490459442139,1.6233888864517212
325,8.69769115447998,0.34029367566108704
326,11.176575088500977,0.46576470136642456
327,8.311305141448974,2.149338722229004
328,6.168174934387207,0.5694267153739929
329,7.706774139404297,1.0803461074829102
330,11.75767478942871,3.2489511966705322
331,5.070445346832275,0.8758934736251831
332,6.829210615158081,0.0849657654762268
333,10.97657299041748,0.795642614364624
334,10.575568008422852,0.17583566904067993
335,11.093836116790772,0.5348882079124451
336,14.729376125335694,1.8520094156265259
337,7.549971723556519,1.4735065698623657
338,10.782870674133301,0.18513864278793335
339,9.488404750823975,0.9811575412750244
340,8.54354248046875,1.3630527257919312
341,11.40913429260254,1.719910979270935
342,9.300491333007812,0.18202649056911469
343,7.3390881538391115,0.8855373859405518
344,9.493792057037354,1.9728705883026123
345,9.138027095794678,4.3722686767578125
346,8.10453233718872,0.15443018078804016
347,8.340246772766113,3.719172239303589
348,7.9896097660064695,0.72350013256073
349,6.140454292297363,0.37280064821243286
350,8.865149974822998,1.8640942573547363
351,10.644568824768067,1.6059868335723877
352,9.193289089202882,0.9503170847892761
353,8.392356967926025,3.0394463539123535
354,8.049724245071411,1.4400932788848877
355,9.709947967529297,0.10634639859199524
356,12.133559703826904,1.5901212692260742
357,8.41597490310669,1.2039541006088257
358,9.215195655822754,0.29589879512786865
359,12.145599555969238,0.6415442824363708
360,5.630674362182617,1.6135821342468262
361,9.00852575302124,0.3306114971637726
362,9.652758979797364,2.419504165649414
363,9.843496990203857,2.892489433288574
364,9.565059280395507,0.6172339916229248
365,9.060148906707763,1.1178921461105347
366,8.423628902435302,0.8440134525299072
367,7.5876415252685545,0.2654094696044922
368,9.666023254394531,0.789036214351654
369,12.822116279602051,1.8037290573120117
370,8.994318389892578,0.3552452325820923
371,11.146268081665038,0.4868927001953125
372,8.702686595916749,1.4268025159835815
373,9.11857967376709,0.29883426427841187
374,10.809781455993653,0.9523152112960815
375,9.135877990722657,2.068906784057617
376,8.279915523529052,1.1121270656585693
377,10.26190643310547,0.7543225884437561
378,8.778590393066406,3.178328037261963
379,9.938246631622315,1.6734366416931152
380,10.111026096343995,5.276933670043945
381,8.787447071075439,1.9453080892562866
382,9.356648826599121,1.4392743110656738
383,10.698028182983398,0.9098021984100342
384,10.456912231445312,1.1406044960021973
385,7.448702430725097,2.070335626602173
386,9.383336544036865,0.9217760562896729
387,11.636630249023437,0.17387115955352783
388,9.425685691833497,2.0709240436553955
389,5.081202793121338,1.6265332698822021
390,12.73267936706543,0.7071157693862915
391,9.991879272460938,0.7965662479400635
392,10.024324512481689,2.6703038215637207
393,9.951251983642578,1.321555495262146
394,11.509868240356445,1.0678461790084839
395,10.115074348449706,1.8394153118133545
396,8.311549186706543,1.1855320930480957
397,9.334821605682373,0.9021956324577332
398,8.032481479644776,1.6828653812408447
399,7.809127950668335,0.24578365683555603
400,8.87708215713501,3.890799045562744
401,9.676012229919433,0.28022944927215576
402,10.059385824203492,0.8832467198371887
403,11.217383575439452,0.3542223274707794
404,10.097399520874024,0.7671199440956116
405,8.865679407119751,0.47201958298683167
406,9.282296228408814,0.4207783341407776
407,9.826001453399659,0.9123511910438538
408,7.759366416931153,0.204424187541008
409,8.965988540649414,0.8778374791145325
410,9.24968523979187,0.9712752103805542
411,6.346021366119385,0.41201168298721313
412,9.158215236663818,2.585360288619995
413,10.715481185913086,0.36106076836586
414,9.797000551223755,1.8308181762695312
415,12.928328514099121,1.0481102466583252
416,7.587674331665039,1.1156634092330933
417,6.67889175415039,0.60563063621521
418,6.380043983459473,1.59023916721344
419,9.924515056610108,0.15047204494476318
420,7.494311904907226,0.3180953860282898
421,8.740284538269043,1.174626350402832
422,9.055743217468262,1.3104796409606934
423,9.93923044204712,1.9753671884536743
424,6.949618816375732,1.154869794845581
425,15.298270797729492,1.5750213861465454
426,8.76187858581543,3.3564088344573975
427,8.673885250091553,0.8099514245986938
428,13.103120803833008,0.0611734464764595
429,8.53875560760498,1.063339114189148
430,8.895331954956054,0.8394849300384521
431,9.522475337982177,0.036934301257133484
432,8.994237804412842,0.7506952881813049
433,6.467364311218262,0.30001482367515564
434,9.226094627380371,1.2145354747772217
435,10.85689468383789,1.0482691526412964
436,7.661726188659668,0.7599195837974548
437,9.158908224105835,0.37283554673194885
438,8.827119731903077,1.4374909400939941
439,6.548857116699219,1.0116928815841675
440,10.671824836730957,3.3266146183013916
441,9.037658977508546,2.2357821464538574
442,12.169474983215332,0.4204915463924408
443,10.592711162567138,0.9490742087364197
444,9.407817459106445,1.9363983869552612
445,6.16806378364563,0.21087229251861572
446,9.35090742111206,0.7499790787696838
447,7.700091552734375,0.8084896802902222
448,8.005238056182861,1.0955015420913696
449,9.542273902893067,0.19282744824886322
450,11.477779006958007,0.961868166923523
451,8.120237731933594,1.2943999767303467
452,7.132135581970215,0.5148781538009644
453,10.637910270690918,0.2513549327850342
454,10.656609153747558,2.3232531547546387
455,5.8588005065917965,0.5328555703163147
456,6.493020391464233,0.9482526183128357
457,12.169243049621581,1.5705572366714478
458,11.14715118408203,0.09568193554878235
459,11.523865699768066,0.16485868394374847
460,12.258024501800538,1.2110997438430786
461,7.530537891387939,1.0180798768997192
462,11.29799680709839,0.8630696535110474
463,9.097330856323243,1.4864296913146973
464,8.28433895111084,0.15454795956611633
465,10.852443504333497,0.6845799088478088
466,8.092226505279541,0.7702372074127197
467,9.38020429611206,2.452319860458374
468,7.4830803871154785,1.2308781147003174
469,9.53958444595337,3.969841480255127
470,9.067915105819703,0.06465157866477966
471,9.371533203125,0.9470522403717041
472,7.445676231384278,1.3228039741516113
473,6.923915958404541,0.8502590656280518
474,10.902621078491212,0.15392616391181946
475,9.13098669052124,2.6403090953826904
476,10.575024032592774,2.9480271339416504
477,8.696388626098633,0.3384309709072113
478,6.65,0.4273853898048401
479,10.508953094482422,0.25380992889404297
480,11.665602493286134,2.118969678878784
481,8.433909034729004,1.0663079023361206
482,9.637091541290284,0.8395270705223083
483,10.386319255828857,1.642460823059082
484,5.434091424942016,4.77095365524292
485,8.126858711242676,0.30912619829177856
486,9.351707363128662,0.1845499873161316
487,8.726762008666991,2.1067399978637695
488,11.4353853225708,0.39688774943351746
489,8.984815788269042,0.20767389237880707
490,7.797545146942139,1.6737465858459473
491,7.825718402862549,2.4593348503112793
492,10.8683030128479,0.08954916894435883
493,12.313210487365723,1.5749808549880981
494,10.094525814056396,2.7095351219177246
495,10.842807197570801,1.6597530841827393
496,8.307183837890625,0.6854638457298279
497,10.30732707977295,2.166226863861084
498,11.665225410461426,1.5640240907669067
499,8.867939949035645,0.5574586391448975
500,8.276400518417358,3.6798832416534424
501,10.261958694458007,1.1052005290985107
502,10.604809188842774,1.6264495849609375
503,10.790543270111083,2.8811826705932617
504,8.742453384399415,1.822433352470398
505,9.609521961212158,1.0630097389221191
506,9.19856333732605,0.12850305438041687
507,11.137327194213867,1.5769498348236084
508,10.798555183410645,0.18921703100204468
509,9.069140625,0.19356098771095276
510,7.8819883346557615,0.8114259839057922
511,12.174336051940918,0.19727304577827454
512,9.11336317062378,1.8053500652313232
513,5.71364393234253,0.7613089680671692
514,13.573952102661133,1.592076063156128
515,9.842483139038086,0.2840355634689331
516,10.030510711669923,0.3896511495113373
517,10.604940128326415,0.9465417265892029
518,11.037147045135498,0.736064612865448
519,8.672482681274413,0.8955973386764526
520,8.59161081314087,0.43801409006118774
521,9.561591529846192,0.7454501986503601
522,6.815586376190185,0.7733147144317627
523,8.522352504730225,0.9389904141426086
524,8.118923473358155,1.263596534729004
525,8.386052417755128,1.277261734008789
526,10.385814952850343,1.4632985591888428
527,10.645413303375244,0.04963083565235138
528,13.026823806762696,0.07285843044519424
529,7.139757347106934,0.7796652913093567
530,8.973376846313476,0.1276715248823166
531,9.43586769104004,0.09166368842124939
532,8.42957878112793,1.3534773588180542
533,9.411341285705566,1.3416388034820557
534,9.07769775390625,0.8667186498641968
535,6.839570140838623,0.42969781160354614
536,11.873499822616576,2.516977548599243
537,6.989250183105469,0.9565765857696533
538,11.750656700134277,0.18702542781829834
539,12.176514434814454,0.26955434679985046
540,9.384371852874756,0.0839683935046196
541,6.724317836761474,0.7356998920440674
542,7.82258152961731,0.954675018787384
543,8.99224395751953,2.045020580291748
544,8.489744567871094,0.12906086444854736
545,9.29220027923584,0.2998357117176056
546,6.133318996429443,3.199789524078369
547,10.091477584838866,3.6313836574554443
548,10.409049034118652,1.0299164056777954
549,12.239189529418946,1.0113941431045532
550,7.572488784790039,0.24237462878227234
551,10.553777694702148,0.16844680905342102
552,12.2350022315979,1.2379798889160156
553,8.635362529754639,1.1335080862045288
554,7.805403327941894,0.9479972124099731
555,10.73095932006836,0.1200975775718689
556,7.464174509048462,0.7774343490600586
557,7.807175254821777,0.2646581828594208
558,7.324164199829101,0.179745152592659
559,10.676241493225097,1.4937317371368408
560,8.20852518081665,0.7857791185379028
561,10.606174278259278,1.7181751728057861
562,8.967135238647462,3.79399037361145
563,6.716679859161377,3.4655168056488037
564,9.546539688110352,0.6638641953468323
565,13.883989334106445,0.12211304157972336
566,8.33363389968872,1.4932612180709839
567,10.659975814819337,0.992295503616333
568,7.742256832122803,1.7608410120010376
569,10.051813507080078,0.8267323970794678
570,8.484464550018311,0.19860854744911194
571,8.280076789855958,0.9243217706680298
572,8.949417877197266,1.0219215154647827
573,10.31561737060547,0.9930645823478699
574,10.207364749908447,2.1870293617248535
575,7.084753036499023,0.5134409070014954
576,8.505687236785889,0.8586581349372864
577,9.68904151916504,3.708127021789551
578,9.54007921218872,0.9088305830955505
579,6.432257556915284,1.6370017528533936
580,6.768385028839111,1.0544626712799072
581,11.914066696166993,0.7157460451126099
582,9.71647243499756,0.057653360068798065
583,12.688195991516114,2.255797863006592
584,12.117372417449952,0.3606315851211548
585,7.152045249938965,0.8558071851730347
586,11.177926349639893,0.41229262948036194
587,9.194244003295898,1.0000683069229126
588,11.523157215118408,2.6425275802612305
589,8.604495239257812,0.054633576422929764
590,8.052934741973877,2.0918595790863037
591,9.201291751861572,1.379364013671875
592,9.063484191894531,1.8985645771026611
593,7.093861246109009,0.7757228016853333
594,8.671375179290772,2.419684648513794
595,9.445729160308838,0.8345852494239807
596,6.128736448287964,1.4562069177627563
597,8.466502285003662,0.5017700791358948
598,10.565647220611572,0.2489764541387558
599,8.130969142913818,3.0256576538085938
600,11.554042720794678,0.15944787859916687
601,7.502638912200927,1.1111969947814941
602,7.50098991394043,1.576930046081543
603,8.344578266143799,0.8797177672386169
604,13.382933616638184,2.7692315578460693
605,8.919064617156982,2.8109352588653564
606,11.267762374877929,2.5718636512756348
607,8.36434965133667,1.7382068634033203
608,7.528912591934204,0.39776307344436646
609,7.603638935089111,0.36898428201675415
610,8.44373779296875,0.2976793050765991
611,9.866262054443359,0.24189583957195282
612,10.592665767669677,0.9454512596130371
613,9.320867252349853,0.4609677791595459
614,7.8650189399719235,1.00199294090271
615,7.257890319824218,1.0087977647781372
616,10.944753456115723,0.5102901458740234
617,12.289155387878418,3.200338840484619
618,10.490752410888671,1.6194177865982056
619,8.105783367156983,1.0505515336990356
620,9.485979080200195,0.05619658902287483
621,12.00418586730957,0.056601930409669876
622,9.9922700881958,0.9934333562850952
623,8.065674781799316,3.0879366397857666
624,8.08066234588623,1.2121708393096924
625,11.020123863220215,0.11627931147813797
626,9.625806903839111,3.410109758377075
627,11.38544158935547,0.2664942145347595
628,9.133906650543214,0.37879759073257446
629,9.877909708023072,1.6013680696487427
630,7.390960025787353,0.722210168838501
631,11.192682647705078,0.05627593398094177
632,11.09444351196289,1.472986102104187
633,8.936894702911378,0.1371806114912033
634,8.977113056182862,3.2035956382751465
635,9.922622776031494,1.0195780992507935
636,8.910027027130127,0.30348753929138184
637,10.366783952713012,1.5851364135742188
638,8.988799381256104,0.25145673751831055
639,10.548861312866212,0.9418189525604248
640,10.698032760620118,0.16878607869148254
641,10.722201156616212,0.04919238016009331
642,11.242051315307616,0.06943006813526154
643,7.728409767150879,0.051014192402362823
644,8.939357662200928,2.7575950622558594
645,8.898312759399413,0.11006297916173935
646,8.528654289245605,0.2025667279958725
647,7.2906999588012695,0.7126531600952148
648,9.099811363220216,0.5672351717948914
649,8.797556304931641,0.03502412140369415
650,10.67932357788086,0.8688056468963623
651,10.31517734527588,1.4569953680038452
652,13.270737075805664,1.4504703283309937
653,6.294304084777832,0.6745507121086121
654,9.653045749664306,6.438149452209473
655,10.222667121887207,0.09546176344156265
656,7.912175941467285,0.91678786277771
657,10.442620849609375,0.5994324684143066
658,9.261988353729247,0.26270791888237
659,6.821732711791992,0.04050745815038681
660,11.119128227233887,1.175830602645874
661,7.533723068237305,1.6893558502197266
662,13.176143646240234,1.5295970439910889
663,10.276333141326905,0.18994538486003876
664,6.8038839340209964,1.2898330688476562
665,5.438954591751099,0.8545652031898499
666,9.318407535552979,0.1279083788394928
667,8.76938009262085,0.028814829885959625
668,8.624551820755006,1.2361314296722412
669,8.94144172668457,0.07360856980085373
670,7.697790718078613,0.06981351226568222
671,10.89487428665161,0.24867498874664307
672,13.196034240722657,0.42626243829727173
673,11.64029483795166,1.3108423948287964
674,7.416898727416992,0.90071702003479
675,10.994479179382324,0.7080552577972412
676,11.516831588745116,0.6855694651603699
677,9.923312187194824,0.7111554741859436
678,9.729553699493408,1.838765025138855
679,9.234681701660156,0.34569495916366577
680,7.299777603149414,0.047945231199264526
681,8.98776035308838,0.37498342990875244
682,8.838960552215577,0.04419315233826637
683,9.185875034332275,0.03780519589781761
684,8.91708459854126,0.7809902429580688
685,9.105856561660767,0.897717297077179
686,8.600355339050292,0.8732030987739563
687,8.85193510055542,2.6643948554992676
688,8.127783489227294,3.319061756134033
689,13.06208086013794,2.1069507598876953
690,8.226377868652344,0.9137325286865234
691,9.197127723693848,2.3189358711242676
692,7.17382116317749,0.024444641545414925
693,11.819819355010987,0.026044514030218124
694,6.89221076965332,1.5601692199707031
695,7.198798942565918,1.130289077758789
696,9.194603633880615,0.40666434168815613
697,11.518904209136963,0.2991448640823364
698,8.119851779937743,2.109935998916626
699,8.286333513259887,0.6731933951377869
700,8.373136138916015,4.228518486022949
701,9.75744562149048,0.1517774909734726
702,8.054183006286621,0.04232688993215561
703,6.29945592880249,0.7025169730186462
704,8.778292274475097,0.7002962827682495
705,11.381752204895019,0.373274564743042
706,9.89587173461914,0.23035047948360443
707,14.732722663879395,0.9963433742523193
708,9.324820041656494,0.6934998035430908
709,8.994794273376465,0.26297029852867126
710,10.984788417816162,0.9266517758369446
711,9.650416564941406,0.05915643274784088
712,10.934968376159668,2.030545711517334
713,8.55640869140625,0.19552011787891388
714,7.660737419128418,0.8533538579940796
715,9.871819686889648,0.4426424205303192
716,9.764581680297852,2.1155471801757812
717,6.899812316894531,2.1997315883636475
718,8.902185249328614,0.6177153587341309
719,10.46190299987793,0.13070419430732727
720,5.390376281738281,0.08201200515031815
721,9.12286319732666,2.7965712547302246
722,11.59347915649414,0.3326042592525482
723,9.571441650390625,1.0232839584350586
724,9.736808013916015,1.4096585512161255
725,8.901854515075684,0.15347304940223694
726,6.9612781524658205,2.1660289764404297
727,10.040535068511963,0.2105381339788437
728,12.76794891357422,0.17051486670970917
729,8.14197654724121,0.13330937922000885
730,13.246305465698242,1.056226134300232
731,6.110491561889648,0.0744282528758049
732,9.892588138580322,1.0004394054412842
733,8.099806690216065,0.8802874088287354
734,8.832501029968261,1.029374122619629
735,8.872371673583984,0.5952723026275635
736,8.989225387573242,0.023365875706076622
737,7.800091934204102,0.0431487001478672
738,9.182106304168702,0.9403554201126099
739,8.961141395568848,0.08274303376674652
740,9.905228996276856,1.6604645252227783
741,11.85093650817871,0.2848755121231079
742,10.086483573913574,1.5322649478912354
743,8.417328262329102,0.11814314872026443
744,9.053162384033204,3.953937292098999
745,11.73065242767334,1.0824828147888184
746,10.136223030090331,0.14152738451957703
747,6.8099853515625,0.4651500880718231
748,8.552307510375977,2.7989449501037598
749,12.103966522216798,0.4318825602531433
750,6.8040846824646,0.653298556804657
751,10.940285301208496,0.49316057562828064
752,10.331608772277832,1.4203015565872192
753,7.905616712570191,1.3148783445358276
754,9.566976928710938,0.09623678028583527
755,9.710011863708496,1.6001020669937134
756,9.448556327819825,0.8712839484214783
757,9.235545921325684,3.3769373893737793
758,9.79391040802002,1.8479206562042236
759,10.260990333557128,1.1972253322601318
760,7.18384895324707,0.13415446877479553
761,11.428622245788574,2.412731885910034
762,9.336442184448241,0.4008036255836487
763,9.077529335021973,0.16761599481105804
764,10.183590507507324,0.09633782505989075
765,11.770539093017579,0.24569779634475708
766,8.661221790313721,0.24493692815303802
767,8.49290418624878,1.1885448694229126
768,9.347727966308593,1.493041753768921
769,9.080747509002686,0.05748903006315231
770,8.755284452438355,0.8555686473846436
771,7.670132255554199,0.17371217906475067
772,9.856440353393555,1.0226325988769531
773,8.258216381072998,1.99074387550354
774,10.970242500305176,0.27765175700187683
775,10.716414070129394,0.18310198187828064
776,10.550636196136475,0.6926010251045227
777,7.647912502288818,0.7987358570098877
778,8.952997779846191,0.026835370808839798
779,10.033064270019532,0.027729716151952744
780,8.86915340423584,0.25489819049835205
781,12.694920921325684,0.06888210028409958
782,6.469711208343506,1.0569043159484863
783,6.3299102783203125,0.047685712575912476
784,13.057398986816406,1.2588050365447998
785,8.130170106887817,1.3444370031356812
786,12.333583450317382,0.3033250868320465
787,10.725166320800781,0.6484415531158447
788,7.011460685729981,0.24274370074272156
789,5.2436360836029055,0.16786101460456848
790,10.15990686416626,0.16046787798404694
791,8.415591716766357,0.7335655689239502
792,8.941234397888184,1.1794829368591309
793,8.652810859680176,1.0089274644851685
794,9.701928520202637,0.7222110033035278
795,7.5866774559021,1.0242077112197876
796,15.965335845947266,1.1907742023468018
797,10.508721542358398,0.160175621509552
798,7.619795608520508,3.048804521560669
799,11.943052673339844,0.7705812454223633
800,9.754890155792236,0.037517525255680084
801,8.535726165771484,2.8031320571899414
802,9.324034500122071,0.05549310892820358
803,8.820702075958252,1.9409621953964233
804,6.506323337554932,0.30631181597709656
805,9.081119728088378,1.7406022548675537
806,9.344540023803711,0.3755417466163635
807,8.144987010955811,1.3726476430892944
808,9.511769104003907,0.13085684180259705
809,7.387721419334412,0.03821582719683647
810,8.172466850280761,0.3609398603439331
811,9.439061450958253,0.30186697840690613
812,7.620997619628906,0.9579249620437622
813,13.267139148712157,1.4254518747329712
814,7.777884769439697,0.912781298160553
815,8.573784637451173,1.0066094398498535
816,7.220195960998535,0.8349239826202393
817,10.785695648193359,0.15818588435649872
818,6.708459186553955,0.7922618389129639
819,6.6801042556762695,0.16553333401679993
820,10.029916381835937,0.20302046835422516
821,11.166387462615967,0.02762628346681595
822,8.717577075958252,0.19221505522727966
823,6.899984073638916,0.6799172163009644
824,8.720080471038818,0.16272659599781036
825,11.554198074340821,0.7537955045700073
826,6.6318868637084964,1.0259931087493896
827,6.365655422210693,1.6552658081054688
828,10.68118600845337,4.103972911834717
829,10.677933883666991,0.663984477519989
830,13.230131912231446,0.03178677707910538
831,14.56688575744629,1.952327013015747
832,7.158523654937744,0.2200395166873932
833,10.021909046173096,1.3077548742294312
834,10.568652439117432,3.3298349380493164
835,7.814955711364746,1.4183326959609985
836,12.727312183380127,0.6644875407218933
837,8.606572723388672,0.23181146383285522
838,7.508137321472168,0.3451121151447296
839,9.919777297973633,1.6842679977416992
840,9.391470336914063,0.11738413572311401
841,7.448450136184692,0.5877859592437744
842,8.509895706176758,0.04463515430688858
843,8.907135581970214,1.104593276977539
844,6.64632568359375,0.8879547715187073
845,9.57456464767456,1.6876949071884155
846,11.716837120056152,0.05519434064626694
847,9.372589111328125,0.8328191041946411
848,10.13802261352539,0.6945926547050476
849,8.188773345947265,0.6934801936149597
850,9.497683334350587,1.546754240989685
851,10.245480060577393,0.09586208313703537
852,10.549223613739013,1.808785080909729
853,9.566400146484375,2.203437328338623
854,12.01700201034546,0.25814640522003174
855,6.526480865478516,2.1138360500335693
856,9.144921207427979,2.7218263149261475
857,7.936447477340698,0.07379752397537231
858,9.466664123535157,0.11760734766721725
859,9.741462516784669,0.1184425801038742
860,8.392311763763427,2.6045613288879395
861,8.064525604248047,0.850631833076477
862,9.69839506149292,0.5574254989624023
863,8.24461932182312,0.14933305978775024
864,10.831624031066895,2.445159912109375
865,11.499386501312255,0.12275362014770508
866,10.541500282287597,1.4679694175720215
867,9.48491268157959,0.6915813088417053
868,8.284055709838867,0.7812132239341736
869,12.004821395874023,0.21897196769714355
870,10.174898242950439,0.04416678845882416
871,7.468349885940552,0.03764563426375389
872,8.328639888763428,0.8327447175979614
873,11.299975776672364,0.03341040015220642
874,9.047822284698487,1.9382065534591675
875,10.238282871246337,2.2357125282287598
876,9.03317050933838,0.6622514128684998
877,8.47409429550171,0.37889471650123596
878,10.310287570953369,0.013119159266352654
879,9.696186542510986,0.5175767540931702
880,8.609725379943848,0.15176990628242493
881,9.424100780487061,0.8890516757965088
882,10.230604076385498,0.7041779160499573
883,11.426028537750245,0.15757885575294495
884,5.5231884002685545,0.029964525252580643
885,11.18024492263794,1.1533849239349365
886,9.861075592041015,0.6596878170967102
887,10.412888240814208,2.1837921142578125
888,9.773328590393067,1.3252006769180298
889,11.156483364105224,0.04308048263192177
890,9.528455543518067,4.313171863555908
891,7.871683883666992,0.7081531286239624
892,9.936871242523193,1.295755386352539
893,7.862967491149902,0.0391126349568367
894,8.225573015213012,1.6099317073822021
895,7.892375183105469,0.06657516956329346
896,9.219148921966553,1.2639687061309814
897,8.706854438781738,0.6216277480125427
898,11.730253887176513,0.15207406878471375
899,11.359609413146973,1.3213889598846436
900,8.846360063552856,0.025616468861699104
901,9.023289775848388,0.03479025512933731
902,8.533256149291992,0.022676732391119003
903,9.403542518615723,1.4315139055252075
904,9.020814990997314,0.8014901876449585
905,11.055095672607422,1.2691550254821777
906,5.868783950805664,1.0187742710113525
907,7.7073945045471195,1.2903389930725098
908,11.796969604492187,0.07522410899400711
909,8.60257978439331,2.3167617321014404
910,11.789245986938477,0.0544750913977623
911,9.104913997650147,0.02745787613093853
912,6.279125213623047,3.053393602371216
913,7.293928146362305,3.634714126586914
914,9.394583892822265,0.031239353120326996
915,8.548068141937256,0.4980902373790741
916,10.217041778564454,1.0271493196487427
917,8.586723852157593,0.9556174278259277
918,10.06951026916504,0.021229706704616547
919,7.175946807861328,0.03190477937459946
920,14.371274948120117,0.025342239066958427
921,10.721143531799317,0.44532567262649536
922,7.094889402389526,0.01749410107731819
923,12.589917182922363,0.05703787878155708
924,10.7147611618042,0.20945337414741516
925,8.56988592147827,1.3905152082443237
926,10.914122390747071,0.4436134696006775
927,9.268036270141602,0.14865468442440033
928,6.263483238220215,0.6709259152412415
929,9.061428928375244,0.0650465339422226
930,9.961470603942871,0.036579884588718414
931,8.689904117584229,0.034651853144168854
932,8.84398865699768,0.1850460320711136
933,9.270280265808106,0.16520634293556213
934,7.517510461807251,0.04768785089254379
935,9.77344446182251,3.9370057582855225
936,8.059226417541504,0.9368537068367004
937,13.343439483642578,0.048687197268009186
938,8.221834278106689,0.15298616886138916
939,10.089852046966552,0.18467307090759277
940,6.681218147277832,2.325076103210449
941,9.883760547637939,0.7997124195098877
942,7.627008533477783,0.9003608822822571
943,6.972317218780518,0.060402967035770416
944,9.736538219451905,0.034211166203022
945,12.575517654418945,0.1928217113018036
946,7.910129737854004,0.04135529324412346
947,6.749159622192383,0.06658726930618286
948,8.136676502227782,0.27109861373901367
949,12.768638610839844,0.033186689019203186
950,4.935257053375244,0.07683603465557098
951,7.321122837066651,0.8262816667556763
952,10.44361572265625,0.14591114223003387
953,11.382768440246583,0.37822237610816956
954,11.697331809997559,0.03137380629777908
955,15.25904140472412,0.36251455545425415
956,7.857161331176758,0.017812445759773254
957,10.633587265014649,1.1968510150909424
958,10.668973922729492,1.6437809467315674
959,7.575386905670166,0.016734356060624123
960,11.133268642425538,0.3918306827545166
961,9.500342845916748,1.6096712350845337
962,7.271506118774414,0.2176215648651123
963,9.263485050201416,0.7117083072662354
964,9.608838844299317,2.5844130516052246
965,8.431823635101319,0.9199909567832947
966,8.60410804748535,2.2421140670776367
967,7.8917097568511965,1.4536898136138916
968,6.722551250457764,0.02352236583828926
969,9.250526857376098,0.6791748404502869
970,11.292124557495118,1.2796614170074463
971,9.944841861724854,0.0392010360956192
972,9.417221546173096,0.925508975982666
973,8.199549388885497,0.6505839228630066
974,10.417931365966798,0.6689795851707458
975,11.62211766242981,1.183188557624817
976,8.20900011062622,0.6780168414115906
977,9.770484447479248,1.145618200302124
978,12.983872842788696,0.20211806893348694
979,5.190721321105957,0.9575807452201843
980,8.796406173706055,0.30198606848716736
981,8.9955002784729,0.6509315371513367
982,9.145905303955079,0.7837219834327698
983,9.86612434387207,0.02203737199306488
984,8.31903896331787,0.04385055974125862
985,8.558016395568847,0.9927221536636353
986,8.102929401397706,0.7801679372787476
987,10.252831840515137,0.01524937804788351
988,12.76998519897461,0.42645737528800964
989,9.334301853179932,1.1198259592056274
990,10.640521240234374,0.668667197227478
991,8.649477577209472,0.6438166499137878
992,9.206380462646484,0.17132027447223663
993,11.701901626586913,0.10062116384506226
994,8.808035945892334,0.49515271186828613
995,8.4629563331604,0.09054268896579742
996,9.233858489990235,1.3611456155776978
997,8.709299087524414,0.7132594585418701
998,10.641834926605224,2.352126359939575
999,10.800575256347656,1.0227164030075073
1000,8.449847507476807,0.9888162016868591
1001,8.922189331054687,0.37841862440109253
1002,10.89277629852295,0.08330192416906357
1003,11.65649356842041,1.265500783920288
1004,7.042981815338135,2.6038689613342285
1005,10.307957363128661,1.2967934608459473
1006,11.520807552337647,0.09050507843494415
1007,9.198953914642335,1.3650126457214355
1008,5.222545909881592,0.21371299028396606
1009,12.919989776611327,0.7779034376144409
1010,10.517995071411132,0.14059607684612274
1011,10.615362548828125,0.07557939738035202
1012,10.2834303855896,0.2596662640571594
1013,11.999698543548584,4.947249412536621
1014,10.897945499420166,2.1422832012176514
1015,7.932395553588867,5.183679103851318
1016,8.89496145248413,0.013177324086427689
1017,8.18041534423828,0.021856842562556267
1018,7.722974395751953,0.029628712683916092
1019,7.889588165283203,0.15740209817886353
1020,9.532317924499512,3.754779815673828
1021,10.112043142318726,1.4945485591888428
1022,11.41319408416748,0.016249749809503555
1023,10.461121463775635,1.393822431564331
1024,9.253673028945922,2.467869997024536
1025,9.619409942626953,1.783503770828247
1026,9.558024692535401,0.2693013548851013
1027,8.742286586761475,0.02287079207599163
1028,9.730469703674316,1.3288791179656982
1029,9.977809810638428,2.988405227661133
1030,7.172743558883667,0.018702432513237
1031,8.554260635375977,0.6418262720108032
1032,10.20384602546692,0.017210843041539192
1033,9.84437174797058,0.2842618227005005
1034,12.681408214569093,1.0558565855026245
1035,8.159923839569093,1.0801063776016235
1036,6.917711353302002,0.06882551312446594
1037,6.803449583053589,3.7536399364471436
1038,10.526182842254638,0.45155930519104004
1039,7.669859886169434,0.7119558453559875
1040,8.646470832824708,1.689765214920044
1041,8.978381156921387,0.6558127999305725
1042,10.467916679382324,0.46381500363349915
1043,7.297268295288086,3.997891664505005
1044,16.2359375,0.03205820918083191
1045,8.967326164245605,0.2773287892341614
1046,9.062959098815918,0.04622399061918259
1047,12.7059965133667,0.1669243425130844
1048,8.500513458251953,0.11866278946399689
1049,8.482449436187744,0.7085520029067993
1050,9.09027853012085,0.4075543284416199
1051,8.525785541534423,0.1291629672050476
1052,6.302293968200684,0.034816622734069824
1053,9.614401817321777,0.7843352556228638
1054,10.629048442840576,0.024179760366678238
1055,8.98611822128296,1.148193597793579
1056,10.27809567451477,0.7143166661262512
1057,8.923190879821778,0.4568967819213867
1058,6.726587009429932,0.04957585781812668
1059,9.487449073791504,0.05193985626101494
1060,8.978681182861328,0.7640098333358765
1061,12.671200942993163,1.1700581312179565
1062,9.994659042358398,0.039959125220775604
1063,9.307293510437011,0.6875543594360352
1064,5.911574506759644,0.805223822593689
1065,8.851867485046387,1.3285794258117676
1066,7.739421939849853,2.4015445709228516
1067,7.405602645874024,0.42243409156799316
1068,9.986910915374756,0.6558898687362671
1069,12.04685707092285,0.07238167524337769
1070,7.787747764587403,0.28790685534477234
1071,7.070523309707641,0.1427702009677887
1072,10.47501163482666,0.014609631150960922
1073,10.583656501770019,0.6710683107376099
1074,5.9105109691619875,0.16423246264457703
1075,6.771223640441894,0.011621231213212013
1076,11.625993156433106,0.024678252637386322
1077,10.742987251281738,0.16187652945518494
1078,12.968228721618653,0.7973790168762207
1079,12.784401512145996,0.029800036922097206
1080,7.335322618484497,0.24056610465049744
1081,12.876466178894043,0.866712212562561
1082,9.662889289855958,0.15640628337860107
1083,9.210111141204834,3.0567986965179443
1084,11.214064025878907,0.02608611434698105
1085,7.681544399261474,0.9183991551399231
1086,9.232612323760986,2.310223340988159
1087,7.723286724090576,0.1391148865222931
1088,9.158844661712646,1.6979756355285645
1089,8.169464159011842,0.24753087759017944
1090,9.722053146362304,1.3075697422027588
1091,6.938643932342529,0.6475481986999512
1092,7.263843822479248,0.023916183039546013
1093,11.459295845031738,1.720353364944458
1094,9.102997493743896,0.6589835286140442
1095,11.025020599365234,0.196504607796669
1096,9.442805671691895,0.6622406840324402
1097,6.917205047607422,2.83553147315979
1098,10.485274982452392,0.32911571860313416
1099,12.568567180633545,0.05405857041478157
1100,9.178470039367676,1.8182973861694336
1101,9.30750494003296,0.03392213582992554
1102,10.371217346191406,0.7125024795532227
1103,6.377525997161865,0.4354347288608551
1104,7.261472272872925,0.6413202285766602
1105,10.635803413391113,0.1605074405670166
1106,9.320972156524657,0.35656824707984924
1107,11.074252510070801,0.6037998795509338
1108,8.61234884262085,0.057046785950660706
1109,7.909657573699951,1.5883400440216064
1110,9.081790351867676,0.14109598100185394
1111,10.275330734252929,1.11738920211792
1112,12.623552894592285,0.7834849953651428
1113,9.519843292236327,0.7223565578460693
1114,11.312206649780274,0.07235314697027206
1115,8.094264316558839,0.5265153050422668
1116,10.325767707824706,2.3338141441345215
1117,11.125471687316894,1.4396177530288696
1118,9.653886795043945,1.5475070476531982
1119,7.288518810272217,0.33754298090934753
1120,10.433034706115723,0.6693047881126404
1121,9.57990665435791,0.015399491414427757
1122,9.57807559967041,0.028897270560264587
1123,8.989740180969239,0.7860357165336609
1124,9.690014457702636,1.4987034797668457
1125,9.223152160644531,0.19768793880939484
1126,10.443306922912598,0.36628198623657227
1127,9.937053298950195,0.020035449415445328
1128,9.185184669494628,0.017855839803814888
1129,7.995893764495849,0.1219821646809578
1130,11.603230857849121,0.6358827948570251
1131,9.089361572265625,0.8018175363540649
1132,5.306795215606689,0.02319798432290554
1133,13.135637092590333,0.6665977835655212
1134,9.965631198883056,0.07755406200885773
1135,11.307269191741943,0.11201570928096771
1136,10.995125198364258,1.0005788803100586
1137,11.700637340545654,1.2361301183700562
1138,8.657778549194337,0.6670128107070923
1139,8.99531536102295,1.3454365730285645
1140,9.888702011108398,2.104257345199585
1141,6.388905048370361,0.7852354645729065
1142,9.098244380950927,0.9598293900489807
1143,8.256584072113037,1.0569101572036743
1144,8.289230394363404,0.1613377332687378
1145,10.932820701599121,0.40701907873153687
1146,11.893150138854981,0.7960240244865417
1147,13.906307792663574,0.06774219870567322
1148,6.355810260772705,0.3488270342350006
1149,10.24037046432495,1.666612148284912
1150,9.748544502258301,1.431720495223999
1151,8.49463939666748,0.5677875280380249
1152,9.718993759155273,0.08225207030773163
1153,9.419126510620117,0.30080074071884155
1154,6.493793201446533,0.23475438356399536
1155,11.761730813980103,1.352743148803711
1156,7.408382797241211,0.3179301619529724
1157,11.799991607666016,1.9824559688568115
1158,10.844057941436768,0.8278659582138062
1159,8.867951393127441,2.3777990341186523
1160,6.176194667816162,1.308024287223816
1161,8.240277194976807,0.7152405381202698
1162,8.700716876983643,0.7930598855018616
1163,9.946542549133301,0.08692684769630432
1164,11.191772937774658,0.016320031136274338
1165,6.339740562438965,0.028174081817269325
1166,10.89517707824707,0.021520867943763733
1167,11.542589473724366,0.7690143585205078
1168,12.875892639160156,0.9496400356292725
1169,8.006123161315918,1.407099723815918
1170,9.851719951629638,0.8896036148071289
1171,10.84860954284668,0.8776040077209473
1172,9.160465812683105,2.8310394287109375
1173,8.515066528320313,1.4570850133895874
1174,10.804594230651855,0.5576069355010986
1175,7.453404426574707,0.21277353167533875
1176,7.907106399536133,1.01168954372406
1177,8.662838077545166,0.7394244074821472
1178,10.80326442718506,1.7155091762542725
1179,8.749927520751953,0.5319663286209106
1180,10.234946155548096,0.04762797802686691
1181,9.024856090545654,1.917090654373169
1182,6.905365085601806,1.6048150062561035
1183,8.817825603485108,2.658946990966797
1184,13.942062759399414,1.6249805688858032
1185,7.496518611907959,0.019382011145353317
1186,10.642560958862305,2.4823951721191406
1187,8.046504735946655,1.785031795501709
1188,9.240056657791138,0.1384764462709427
1189,8.033213233947754,0.35148242115974426
1190,7.3274328231811525,1.1725523471832275
1191,8.109621810913087,0.009461790323257446
1192,10.836052894592285,0.9665610790252686
1193,9.932498168945312,1.4266397953033447
1194,7.826520919799805,1.3187148571014404
1195,8.791308784484864,1.2725251913070679
1196,11.019400882720948,0.1738012284040451
1197,10.205484962463379,0.6643339395523071
1198,6.448449802398682,0.7935951352119446
1199,7.166861152648925,0.8939420580863953
1200,11.666779708862304,0.14133207499980927
1201,10.384137916564942,0.16508488357067108
1202,13.174178886413575,0.025126371532678604
1203,12.475187492370605,1.7872509956359863
1204,7.164572048187256,0.7927656769752502
1205,12.680652236938476,2.374356269836426
1206,9.252431678771973,0.9807003736495972
1207,12.127570724487304,1.079796314239502
1208,8.596201705932618,0.6697262525558472
1209,7.634068489074707,0.7644789814949036
1210,9.18257999420166,0.014225386083126068
1211,9.261979007720948,0.016654454171657562
1212,6.601692485809326,0.01461201161146164
1213,9.000577163696288,0.14334462583065033
1214,9.246144104003907,0.0708809494972229
1215,6.681053972244262,1.3370381593704224
1216,8.891398525238037,0.3745909035205841
1217,10.372931957244873,1.253485918045044
1218,8.16356544494629,1.3948777914047241
1219,11.591225910186768,0.7263380885124207
1220,8.656113147735596,0.06103188917040825
1221,7.653779411315918,2.1168785095214844
1222,9.416486167907715,0.7264896035194397
1223,14.111467170715333,0.018075114116072655
1224,8.837977409362793,0.026991400867700577
1225,11.358840990066529,0.034669890999794006
1226,8.157532215118408,0.6446546316146851
1227,8.742040967941284,0.6578012704849243
1228,8.542583847045899,0.012658897787332535
1229,8.725419235229491,0.015336244367063046
1230,8.954956531524658,0.02038736641407013
1231,11.04826602935791,0.014278320595622063
1232,8.365508556365967,0.8732528686523438
1233,8.57142219543457,0.00646712351590395
1234,8.770250034332275,0.017325332388281822
1235,10.77070655822754,0.013081066310405731
1236,11.87529125213623,0.035498663783073425
1237,11.611062622070312,0.8635034561157227
1238,8.809285068511963,0.649996280670166
1239,8.322097301483154,0.6502297520637512
1240,10.787141609191895,0.16182467341423035
1241,10.35202522277832,1.6672775745391846
1242,8.143432521820069,0.19423119723796844
1243,7.559306812286377,0.1412230134010315
1244,9.9057541847229,0.12337282299995422
1245,10.053241157531739,0.7783169746398926
1246,10.896273040771485,0.013262448832392693
1247,9.017760848999023,0.5596516132354736
1248,9.775471305847168,0.09969989955425262
1249,7.217309284210205,0.024465739727020264
1250,10.67876558303833,1.9989664554595947
1251,9.920534133911133,0.04506108909845352
1252,8.8786190032959,2.124706268310547
1253,9.199685430526733,0.024495279416441917
1254,10.589385509490967,0.08160944283008575
1255,8.633383655548096,0.78886878490448
1256,10.34267225265503,0.8128716945648193
1257,9.19483242034912,0.06184035539627075
1258,10.329528331756592,0.017186729237437248
1259,10.49009895324707,0.452483206987381
1260,11.235554695129395,0.6459020376205444
1261,11.33455924987793,0.6357333660125732
1262,7.913049793243408,0.673828125
1263,8.80997076034546,1.9041091203689575
1264,9.101494693756104,0.20643343031406403
1265,7.885793304443359,0.1611061841249466
1266,7.802486801147461,0.010934624820947647
1267,9.327422714233398,0.2550700902938843
1268,8.704643106460571,0.05935554951429367
1269,11.180974864959717,0.9379481673240662
1270,10.295414161682128,0.7403727173805237
1271,14.608305358886719,0.03047258034348488
1272,6.22496600151062,1.6034655570983887
1273,10.22975263595581,0.15290604531764984
1274,10.542949676513672,0.975028932094574
1275,7.945959091186523,0.012359578162431717
1276,10.493980216979981,0.10613976418972015
1277,8.908189582824708,2.2832024097442627
1278,6.61734676361084,0.29502978920936584
1279,11.927702140808105,2.1952097415924072
1280,7.643118000030517,0.7527689337730408
1281,13.507880973815919,0.01451948657631874
1282,9.57308578491211,0.1165444403886795
1283,7.575985336303711,1.2680902481079102
1284,6.245024967193603,0.038611359894275665
1285,9.378244209289551,0.2650717496871948
1286,9.778058624267578,1.4582302570343018
1287,9.036283779144288,0.7136572003364563
1288,8.302299070358277,0.6413752436637878
1289,6.970459938049316,0.3583138883113861
1290,10.006107330322266,0.14586326479911804
1291,13.61668348312378,0.22327262163162231
1292,11.025300598144531,1.7507325410842896
1293,7.782608699798584,1.127984642982483
1294,10.62534408569336,0.6736220121383667
1295,11.051362800598145,0.7833026647567749
1296,9.537389183044434,0.036221783608198166
1297,9.12929277420044,1.5303583145141602
1298,8.512576961517334,0.12374548614025116
1299,7.253523635864258,0.6690789461135864
1300,8.424046993255615,1.9533312320709229
1301,9.218665981292725,0.03263460099697113
1302,9.542308521270751,0.011503798887133598
1303,9.005895233154297,1.4203684329986572
1304,9.366494846343993,0.13434378802776337
1305,10.01060791015625,1.624203085899353
1306,8.524473094940186,0.6518035531044006
1307,8.963768196105956,0.011862489394843578
1308,13.851862907409668,0.1411774456501007
1309,8.263715457916259,0.2636427879333496
1310,9.798811912536621,0.8463863134384155
1311,7.1829345703125,0.7702719569206238
1312,11.474464988708496,0.9306600689888
1313,6.422315502166748,0.02832881733775139
1314,7.070937633514404,0.01477725524455309
1315,8.828569602966308,0.028230829164385796
1316,11.107811641693115,1.6335763931274414
1317,7.632105445861816,0.2702323794364929
1318,7.9674543857574465,0.02841903269290924
1319,8.209338474273682,0.014536665752530098
1320,10.286520385742188,0.6338320970535278
1321,8.419150066375732,0.010670915246009827
1322,5.624143934249878,0.0911792442202568
1323,9.098461723327636,0.010019605979323387
1324,11.463332748413086,1.273437738418579
1325,10.50779037475586,0.27078720927238464
1326,14.436809062957764,0.73850417137146
1327,9.690470123291016,0.014737242832779884
1328,8.725392055511474,0.011964119970798492
1329,11.622787761688233,0.6444355249404907
1330,8.676460552215577,0.14053243398666382
1331,11.889166164398194,0.6349648833274841
1332,9.200573635101318,2.2017109394073486
1333,7.582906818389892,0.014370695687830448
1334,10.03092555999756,0.1420101523399353
1335,9.179438209533691,0.6364268064498901
1336,6.7391866683959964,0.990989089012146
1337,8.730084800720215,0.17043575644493103
1338,10.390373992919923,2.19783353805542
1339,5.509408283233642,0.015107495710253716
1340,9.140248584747315,0.6317581534385681
1341,11.286480712890626,0.17870882153511047
1342,9.920606422424317,0.01668601483106613
1343,9.71734848022461,0.14708839356899261
1344,8.91239881515503,0.7816001772880554
1345,7.6196540832519535,0.48416367173194885
1346,10.20382227897644,1.8906363248825073
1347,13.677976417541505,0.8118529319763184
1348,8.147202396392823,0.905565083026886
1349,12.44610333442688,0.745521068572998
1350,6.358058500289917,1.3521771430969238
1351,10.456807327270507,0.8149430751800537
1352,7.941618490219116,0.6298414468765259
1353,9.875456428527832,0.036752622574567795
1354,10.410889053344727,0.6095470786094666
1355,9.527635192871093,0.8376616835594177
1356,7.876540470123291,0.6161415576934814
1357,8.31155185699463,0.7993699312210083
1358,8.692663478851319,2.5232362747192383
1359,10.237125205993653,0.011549301445484161
1360,11.682060432434081,0.018511315807700157
1361,11.44473762512207,0.013860170729458332
1362,8.711964797973632,0.028665948659181595
1363,8.925993347167969,1.6314589977264404
1364,11.337511539459229,0.637824296951294
1365,10.892522239685059,0.9943749904632568
1366,6.891731929779053,0.9197942614555359
1367,8.742518711090089,0.011858189478516579
1368,11.481567764282227,0.08157544583082199
1369,8.468980598449708,1.652172565460205
1370,10.955475997924804,0.1678328812122345
1371,10.295256519317627,0.012061157263815403
1372,8.271768140792847,1.573399543762207
1373,9.145668315887452,0.1356351375579834
1374,10.209874153137207,1.8937329053878784
1375,9.575577545166016,0.008671965450048447
1376,9.39823226928711,0.024318041279911995
1377,10.075663375854493,0.7596099972724915
1378,10.32635202407837,0.010287607088685036
1379,7.509967231750489,0.7674490213394165
1380,11.590851211547852,0.6359989643096924
1381,9.9070255279541,0.49758052825927734
1382,9.705377292633056,0.8551023006439209
1383,10.473393630981445,1.8271331787109375
1384,11.144574165344238,0.34323635697364807
1385,9.282447147369385,0.13840971887111664
1386,8.117655277252197,0.3664432168006897
1387,9.498041439056397,0.13165245950222015
1388,8.39552583694458,0.01221894659101963
1389,8.79127459526062,1.8812236785888672
1390,8.10540838241577,0.17512431740760803
1391,9.80492868423462,0.756050705909729
1392,8.287728404998779,0.01179812103509903
1393,12.32902774810791,0.6942314505577087
1394,11.090303230285645,0.637230634689331
1395,10.829104709625245,0.14355003833770752
1396,7.730533409118652,0.4001116156578064
1397,9.054340171813966,1.4422231912612915
1398,9.117679786682128,1.0067355632781982
1399,8.961054039001464,0.5472387075424194
1400,11.855010223388671,2.919205665588379
1401,6.682530403137207,0.21452336013317108
1402,6.3166382789611815,0.7886994481086731
1403,13.037895202636719,1.1455578804016113
1404,7.57401852607727,0.6906139850616455
1405,12.534024429321288,0.06085008755326271
1406,10.548315048217773,0.0058694989420473576
1407,6.974989223480224,0.015150992199778557
1408,5.396703052520752,0.010318432934582233
1409,10.637000274658202,1.893735647201538
1410,8.911730861663818,0.6511241793632507
1411,8.836747646331787,1.2726092338562012
1412,8.469505119323731,0.006372386589646339
1413,9.438640785217284,0.019405048340559006
1414,7.323213577270508,2.4679758548736572
1415,15.528560256958007,0.2995057702064514
1416,11.001546859741211,0.040962010622024536
1417,7.4832940101623535,0.1400083303451538
1418,12.931749725341797,0.7579308152198792
1419,9.961180686950684,0.6593455076217651
1420,8.272883129119872,0.1841852366924286
1421,9.961655426025391,0.9008174538612366
1422,9.079589557647704,3.98331880569458
1423,6.872428226470947,0.8442186713218689
1424,9.213701248168945,0.0066926865838468075
1425,9.782978057861328,1.6797609329223633
1426,10.481548023223876,0.23787713050842285
1427,10.009773254394531,0.014616936445236206
1428,8.270752644538879,0.030906183645129204
1429,8.428580045700073,0.7977514863014221
1430,9.918712615966797,0.9101821184158325
1431,8.321838665008546,1.0076143741607666
1432,14.049876403808593,0.9299183487892151
1433,7.796748161315918,1.0023267269134521
1434,9.340918827056885,0.9289007186889648
1435,7.396780252456665,1.115003228187561
1436,10.587063980102538,2.065460205078125
1437,6.441173362731933,0.007679779548197985
1438,6.690252590179443,1.3477845191955566
1439,10.268613243103028,0.011816008947789669
1440,11.400471115112305,0.2446950078010559
1441,8.541814041137695,0.019897129386663437
1442,6.898319053649902,1.2633225917816162
1443,8.138844871520996,0.33631962537765503
1444,11.446264266967773,3.4778354167938232
1445,6.705089902877807,1.5508959293365479
1446,6.479869365692139,0.017368856817483902
1447,10.603511428833007,0.015718024224042892
1448,10.306464767456054,1.1158596277236938
1449,13.218211841583251,0.6390368938446045
1450,14.790083503723144,0.012448109686374664
1451,7.104371833801269,0.2345687597990036
1452,10.340807628631591,0.9962748885154724
1453,10.419532203674317,0.9049488306045532
1454,7.538671684265137,0.3740585148334503
1455,13.221953582763671,0.010864761658012867
1456,8.819368934631347,2.625739574432373
1457,7.04664716720581,0.7681150436401367
1458,10.09930486679077,0.9151467680931091
1459,9.685750007629395,1.6528451442718506
1460,6.42057237625122,0.18975217640399933
1461,9.551798725128174,0.007363169454038143
1462,8.94399356842041,0.6241379976272583
1463,6.479552459716797,0.006877077277749777
1464,9.689976501464844,0.020805060863494873
1465,11.641259574890137,0.016085896641016006
1466,8.336982345581054,0.024635594338178635
1467,9.105317115783691,0.7308534383773804
1468,8.75731019973755,0.14926277101039886
1469,8.941781044006348,0.09856395423412323
1470,10.578677082061768,0.7784397006034851
1471,11.044129467010498,0.26264938712120056
1472,9.352225017547607,0.017921073362231255
1473,11.36666498184204,0.01774693839251995
1474,6.355144405364991,0.2980819344520569
1475,10.072275114059448,1.3908941745758057
1476,8.64374008178711,0.14653068780899048
1477,9.712548351287841,0.018591007217764854
1478,10.446449470520019,0.7934507727622986
1479,9.009239196777344,0.650849461555481
1480,7.889583396911621,0.3084910213947296
1481,9.706190872192384,0.7958716750144958
1482,8.530385303497315,0.3922675549983978
1483,10.032814407348633,0.27756670117378235
1484,11.436159324645995,0.6513316631317139
1485,11.132921600341797,0.7345563173294067
1486,8.351219654083252,0.17645315825939178
1487,8.612928199768067,0.5985209941864014
1488,11.612079429626466,4.210923671722412
1489,10.808967781066894,0.021303556859493256
1490,7.330250930786133,0.07497043907642365
1491,9.121828842163087,0.8864566087722778
1492,11.720499229431152,0.3629286587238312
1493,9.240835857391357,0.012758567929267883
1494,10.668068313598633,0.9310954213142395
1495,9.932648277282714,0.008633308112621307
1496,9.054123497009277,0.11933431029319763
1497,10.717737865447997,2.755826234817505
1498,10.791421127319335,0.028466206043958664
1499,8.537838363647461,0.8035905361175537
1500,9.303555297851563,0.34729135036468506
1501,10.373396492004394,1.5910060405731201
1502,10.825931644439697,0.6465028524398804
1503,5.532064723968506,0.09828466176986694
1504,12.489357662200927,0.6390208005905151
1505,10.748501205444336,0.01550961472094059
1506,11.332727527618408,0.05625348165631294
1507,10.640011978149413,0.6387050151824951
1508,12.129117298126221,0.25831642746925354
1509,10.046281719207764,0.011618725955486298
1510,8.079420948028565,2.4556453227996826
1511,10.539538192749024,0.914565920829773
1512,7.327916622161865,0.10523486137390137
1513,8.773730850219726,0.012618601322174072
1514,8.086429214477539,0.006683262996375561
1515,9.575018405914307,0.010151758790016174
1516,8.185607290267944,0.8264179825782776
1517,12.244376182556152,1.9815495014190674
1518,11.315398406982421,0.01897933892905712
1519,9.139020538330078,0.25722232460975647
1520,9.110768604278565,1.8560090065002441
1521,8.29439172744751,0.018617134541273117
1522,9.190018367767333,1.6482514142990112
1523,9.059979248046876,1.3957250118255615
1524,11.917400646209718,0.13565510511398315
1525,6.074130249023438,1.0965403318405151
1526,8.487734508514404,3.2116432189941406
1527,12.923545265197754,0.6412980556488037
1528,8.735108709335327,0.024974456056952477
1529,12.222765827178955,0.8793319463729858
1530,10.087363910675048,1.7105592489242554
1531,6.616058826446533,0.8917569518089294
1532,6.809026002883911,0.43219321966171265
1533,9.2751859664917,0.00792508851736784
1534,7.970560836791992,0.025221392512321472
1535,8.907748126983643,0.639916181564331
1536,8.76941385269165,0.016486767679452896
1537,10.106323719024658,0.23808296024799347
1538,6.933071422576904,0.8429645895957947
1539,15.446258735656738,0.017420673742890358
1540,11.306949710845947,0.040586937218904495
1541,6.742265033721924,2.8181886672973633
1542,12.874101257324218,0.135050967335701
1543,9.703035259246827,2.8432819843292236
1544,8.19403371810913,0.01817263290286064
1545,9.904932403564453,0.008020137436687946
1546,8.990108108520507,0.019049566239118576
1547,6.371777534484863,0.6397075057029724
1548,9.821704959869384,0.28325676918029785
1549,10.724658679962157,0.011589497327804565
1550,9.08811550140381,1.2541780471801758
1551,8.92684564590454,4.7506279945373535
1552,9.633767986297608,0.010275515727698803
1553,7.446700477600098,0.41727113723754883
1554,9.327552604675294,0.75492924451828
1555,7.6904221534729,0.742991030216217
1556,11.654633951187133,1.5166959762573242
1557,8.221507740020751,1.8999406099319458
1558,10.30266513824463,0.7754570245742798
1559,6.6903276443481445,3.2014529705047607
1560,9.985228252410888,0.07108280807733536
1561,7.770979976654052,0.4572904706001282
1562,7.80978307723999,0.02596491388976574
1563,8.738963890075684,0.4643062949180603
1564,11.467973995208741,0.9143587350845337
1565,8.221334457397461,1.2290900945663452
1566,7.055193042755127,0.012168067507445812
1567,8.327811908721923,1.258434772491455
1568,12.450010681152344,1.16362726688385
1569,4.948749685287476,0.6420875191688538
1570,6.867524814605713,0.8572520017623901
1571,10.357650184631348,0.034386973828077316
1572,11.511571884155273,0.1470840722322464
1573,11.018138885498047,1.4064513444900513
1574,14.804433441162109,0.6354592442512512
1575,7.139143466949463,0.014942917972803116
1576,10.988987159729003,0.541883111000061
1577,10.515139198303222,0.009061282500624657
1578,8.588995933532715,0.009421568363904953
1579,11.227900409698487,0.016179699450731277
1580,9.049246501922607,0.10176990926265717
1581,7.32437105178833,1.093926191329956
1582,8.966007328033447,1.4924890995025635
1583,8.879923057556152,0.5159992575645447
1584,8.465237617492676,0.4877404272556305
1585,8.314872741699219,0.39358586072921753
1586,8.695807218551636,1.5934929847717285
1587,6.567721176147461,0.009984621778130531
1588,9.694126224517822,0.02456725761294365
1589,11.288687992095948,1.270054578781128
1590,10.110273265838623,0.005600558128207922
1591,8.792098808288575,0.635919451713562
1592,7.747342872619629,0.025858506560325623
1593,9.888618278503419,0.029315875843167305
1594,11.859555912017822,1.3960223197937012
1595,8.870974159240722,0.725415825843811
1596,9.310114479064941,0.09862306714057922
1597,13.54095287322998,0.00860524084419012
1598,5.516455459594726,1.013196587562561
1599,9.212815427780152,0.2726837992668152
1600,9.376002407073974,0.09254077076911926
1601,9.56488618850708,0.04553285241127014
1602,9.903172206878661,0.6539304256439209
1603,8.350753593444825,0.16679926216602325
1604,8.696860885620117,0.987021803855896
1605,8.308906555175781,0.1877751499414444
1606,9.675237464904786,1.2664575576782227
1607,12.886863708496094,0.3131318986415863
1608,9.012532806396484,0.8327565789222717
1609,11.79262809753418,0.6459317803382874
1610,7.828466892242432,0.026875291019678116
1611,9.242327308654785,0.24927961826324463
1612,11.643957710266113,0.8926556706428528
1613,8.995700263977051,0.15163709223270416
1614,8.779451751708985,1.047323226928711
1615,9.308420372009277,0.7674763202667236
1616,8.766885042190552,0.26560354232788086
1617,9.888021659851074,1.4671550989151
1618,9.861320686340331,0.009975135326385498
1619,8.709667110443116,0.01119393203407526
1620,8.990930843353272,0.45901408791542053
1621,11.05366096496582,0.9028247594833374
1622,11.215837669372558,0.43203771114349365
1623,6.456660366058349,1.3858389854431152
1624,9.800993061065673,4.183252811431885
1625,11.621570682525634,1.842289686203003
1626,9.41867733001709,0.015069970861077309
1627,5.1825666427612305,0.8091217279434204
1628,12.51148853302002,0.012178782373666763
1629,11.083039379119873,0.7731494903564453
1630,10.823577308654786,0.8030338883399963
1631,10.341428279876709,0.30135661363601685
1632,11.99345359802246,2.319154739379883
1633,10.753133296966553,0.017506148666143417
1634,7.793457508087158,0.007794639561325312
1635,8.491347789764404,0.6472008228302002
1636,8.22984275817871,0.8919705748558044
1637,8.110752296447753,0.1349775493144989
1638,8.276521587371827,0.012772582471370697
1639,9.587990379333496,0.13182906806468964
1640,10.654564619064331,0.6566300988197327
1641,11.706642818450927,0.011549746617674828
1642,11.040426445007324,1.4759279489517212
1643,8.625928735733032,0.25869569182395935
1644,9.756270599365234,0.16333208978176117
1645,9.278155040740966,0.12783131003379822
1646,8.380728626251221,1.0911256074905396
1647,9.164730167388916,1.1229649782180786
1648,10.243932914733886,1.2771573066711426
1649,6.69247875213623,0.9242933988571167
1650,9.467563343048095,0.010877310298383236
1651,10.287151336669922,0.015790509060025215
1652,10.278954029083252,0.012782212346792221
1653,13.08233118057251,1.4429351091384888
1654,8.815200996398925,1.3241851329803467
1655,7.1450244903564455,0.008480637334287167
1656,6.293443870544434,0.024942314252257347
1657,9.867536163330078,0.13380274176597595
1658,7.921596527099609,1.8590288162231445
1659,8.901943492889405,0.7503341436386108
1660,9.661894130706788,0.12332393229007721
1661,10.009300994873048,0.011938793584704399
1662,7.50658597946167,0.758139431476593
1663,16.830400276184083,0.2573029696941376
1664,8.987998580932617,0.14357410371303558
1665,8.42735252380371,1.2928358316421509
1666,13.171075439453125,2.169764995574951
1667,9.127580451965333,0.201530322432518
1668,8.780157852172852,0.0062948064878582954
1669,9.821637535095215,0.27557143568992615
1670,8.457895755767822,0.007689835503697395
1671,6.3299970626831055,0.7573750615119934
1672,9.683862113952637,0.6893215775489807
1673,11.199429798126221,0.8933039307594299
1674,9.242612075805663,0.011092527769505978
1675,9.642110061645507,2.0214734077453613
1676,9.064097213745118,0.06937991827726364
1677,6.843101930618286,0.009046277962625027
1678,10.389390754699708,0.09201538562774658
1679,9.12758140563965,0.020153630524873734
1680,11.890966320037842,0.01181676983833313
1681,9.701747512817382,1.002280592918396
1682,9.571531772613525,0.2818679213523865
1683,6.419857215881348,4.0280585289001465
1684,9.3862886428833,0.11063607037067413
1685,7.736102962493897,0.0054843612015247345
1686,8.24988260269165,1.9480831623077393
1687,8.366944313049316,0.7333446145057678
1688,11.304749870300293,0.006517120636999607
1689,7.773060989379883,1.9985530376434326
1690,6.924141931533813,0.017574381083250046
1691,10.318496131896973,0.7789774537086487
1692,10.657601737976075,0.14126841723918915
1693,5.3325904369354244,0.7202998995780945
1694,6.62524995803833,0.004232457373291254
1695,11.458155250549316,1.0110172033309937
1696,10.968938064575195,0.5000876188278198
1697,12.388727378845214,0.6309455633163452
1698,12.22550802230835,0.765641450881958
1699,6.9283003330230715,0.10167966783046722
1700,12.10779914855957,0.13029392063617706
1701,9.337465190887452,0.6283064484596252
1702,9.666718578338623,0.07850409299135208
1703,11.123108291625977,1.9832861423492432
1704,8.023158931732178,0.1391872614622116
1705,9.398407554626464,1.3949944972991943
1706,7.570501899719238,0.02115391008555889
1707,8.800661182403564,0.006419380661100149
1708,8.14610481262207,1.3254142999649048
1709,8.735383224487304,0.13694126904010773
1710,7.154703521728516,0.6360785961151123
1711,7.262121868133545,1.2770565748214722
1712,11.636092567443848,0.7093605995178223
1713,9.44234733581543,0.008033476769924164
1714,11.119538974761962,0.912135124206543
1715,9.502705192565918,0.28451526165008545
1716,6.893544769287109,2.1641459465026855
1717,10.933553504943848,0.6382153630256653
1718,12.407701873779297,0.28010547161102295
1719,9.521824836730957,1.436074137687683
1720,9.634552955627441,1.0924259424209595
1721,10.950937652587891,0.010760046541690826
1722,6.637222003936768,1.0404064655303955
1723,8.49822039604187,1.1347993612289429
1724,10.51269598007202,0.025650978088378906
1725,9.317626190185546,0.21153122186660767
1726,10.838011837005615,0.011060564778745174
1727,8.443115043640137,0.009175121784210205
1728,7.772844123840332,0.11171841621398926
1729,8.393564987182618,0.645179271697998
1730,10.231808376312255,0.013757270760834217
1731,13.08548412322998,0.8844099044799805
1732,9.311277675628663,0.10727720707654953
1733,11.466098594665528,1.6492890119552612
1734,8.053284931182862,2.652285099029541
1735,10.380224514007569,0.01249278150498867
1736,11.087426948547364,0.007004646118730307
1737,9.072466850280762,0.8193225264549255
1738,7.409123039245605,0.013409672304987907
1739,9.907874488830567,0.75461745262146
1740,9.419841384887695,1.3819917440414429
1741,10.627573394775391,0.07414938509464264
1742,9.365711212158203,0.8149632811546326
1743,10.169168949127197,1.1013190746307373
1744,9.348424434661865,0.011307202279567719
1745,10.540756320953369,0.008445394225418568
1746,9.922048854827882,0.2540109157562256
1747,8.805273151397705,1.4433178901672363
1748,7.926959609985351,1.0848617553710938
1749,11.957073593139649,0.011886579915881157
1750,8.85996150970459,0.6665856838226318
1751,5.29199800491333,0.012441672384738922
1752,12.71916618347168,2.008512496948242
1753,9.726813793182373,0.01126435399055481
1754,11.344713592529297,1.809466004371643
1755,11.392259120941162,0.33856189250946045
1756,11.25199613571167,0.6623682975769043
1757,8.729440784454345,0.01370318979024887
1758,8.461597633361816,0.5953707695007324
1759,10.45126028060913,0.005348042584955692
1760,6.926349782943726,0.005645547062158585
1761,9.131336688995361,0.15691721439361572
1762,9.070886611938477,0.2583315968513489
1763,8.37944941520691,0.0057840729132294655
1764,10.940745544433593,0.0064203254878520966
1765,11.66117172241211,1.4682222604751587
1766,13.27686824798584,1.6937987804412842
1767,5.987998962402344,0.13421811163425446
1768,9.819345569610595,0.008909458294510841
1769,9.884986877441406,0.8743831515312195
1770,7.565496730804443,0.01233591977506876
1771,10.182195091247559,0.6331448554992676
1772,9.719318103790282,0.6309512853622437
1773,6.545702981948852,0.004490433260798454
1774,12.348904037475586,0.007827003486454487
1775,7.073047924041748,1.665594458580017
1776,11.910987281799317,0.14063458144664764
1777,11.881522846221923,0.0055907187052071095
1778,9.046790409088135,0.22691743075847626
1779,6.503368377685547,0.7621506452560425
1780,8.229286098480225,0.0051863305270671844
1781,8.351668453216552,0.42895805835723877
1782,8.646422195434571,0.752174437046051
1783,10.44376344680786,0.00659400736913085
1784,6.605897331237793,0.5392110347747803
1785,10.222554016113282,1.0236706733703613
1786,12.016128635406494,1.1895599365234375
1787,13.129392623901367,0.15843795239925385
1788,7.825020790100098,0.06955163925886154
1789,10.69054708480835,0.00666453642770648
1790,11.412953186035157,0.07056905329227448
1791,9.289170932769775,0.18085233867168427
1792,7.36444787979126,0.8579714298248291
1793,9.818230438232423,0.023935331031680107
1794,7.632593727111816,1.260042667388916
1795,7.440769004821777,1.4311968088150024
1796,8.42672119140625,0.009846782311797142
1797,11.138382720947266,0.3804522156715393
1798,8.002072715759278,0.6373457312583923
1799,10.026519918441773,1.3490028381347656
1800,8.89004726409912,0.1537281721830368
1801,6.7437395572662355,1.3894654512405396
1802,8.362741470336914,2.199765920639038
1803,12.961904335021973,0.9391269087791443
1804,7.09749755859375,0.646157443523407
1805,10.900069046020509,0.892799973487854
1806,8.264533424377442,4.539764881134033
1807,8.785695552825928,0.8712456822395325
1808,8.468588924407959,0.15850114822387695
1809,7.1659527778625485,0.22233860194683075
1810,8.170814323425294,0.016163798049092293
1811,10.01476230621338,0.030257202684879303
1812,9.913847732543946,0.008757544681429863
1813,7.562346363067627,0.008612002246081829
1814,8.553643703460693,0.7201383709907532
1815,10.09666690826416,0.009023480117321014
1816,9.968424415588379,0.022106032818555832
1817,5.940230226516723,1.1839371919631958
1818,7.416145706176758,0.13591809570789337
1819,11.247309494018555,0.01630045846104622
1820,10.372276210784912,0.6348527073860168
1821,13.747406387329102,0.3079451322555542
1822,12.860368061065675,0.09512940794229507
1823,7.890660953521729,0.3010523021221161
1824,12.491295623779298,0.6321797966957092
1825,8.99047784805298,0.630115270614624
1826,12.622222232818604,0.35197913646698
1827,9.146332550048829,0.0054147811606526375
1828,8.256380176544189,0.008097710087895393
1829,10.225809097290039,0.8751063942909241
1830,9.205133724212647,0.0037218229845166206
1831,7.488731098175049,0.007004602812230587
1832,9.190288543701172,1.084776759147644
1833,9.35216760635376,0.005538330413401127
1834,6.6722804546356205,0.6575852036476135
1835,8.882137298583984,0.9167344570159912
1836,11.003117084503174,0.006029943935573101
1837,8.39534502029419,0.017747823148965836
1838,11.817203140258789,0.007281497120857239
1839,8.589637279510498,0.9993739128112793
1840,8.24245901107788,1.637607216835022
1841,9.235159921646119,1.7966418266296387
1842,13.917621612548828,1.8877946138381958
1843,8.843962287902832,0.1313522607088089
1844,11.569594669342042,0.007103616837412119
1845,8.401001834869385,2.4439258575439453
1846,8.323664569854737,0.010990690439939499
1847,8.400127601623534,1.3858129978179932
1848,8.626130104064941,0.006874347571283579
1849,9.124081325531005,0.01982147805392742
1850,11.197737121582032,0.6521877646446228
1851,8.517178630828857,0.004624420776963234
1852,7.981597900390625,0.006337041035294533
1853,8.281435585021972,0.0051176282577216625
1854,10.30489444732666,1.3859944343566895
1855,11.264177513122558,0.011749276891350746
1856,10.781829643249512,0.7628247141838074
1857,8.806518459320069,0.006657696329057217
1858,8.391571140289306,0.01225312240421772
1859,11.3682354927063,0.004694262519478798
1860,10.752627754211426,1.0452359914779663
1861,8.24644603729248,0.14393338561058044
1862,8.116513538360596,1.4245249032974243
1863,10.656325435638427,0.0076906695030629635
1864,9.99867286682129,0.13757820427417755
1865,11.608390045166015,0.3519642949104309
1866,9.282711791992188,0.7537168860435486
1867,10.540100479125977,0.004793852102011442
1868,7.605200672149659,0.009246435947716236
1869,10.565989303588868,0.013981776311993599
1870,10.189209508895875,0.008035767823457718
1871,8.756322574615478,0.011600954458117485
1872,9.74222412109375,0.6310984492301941
1873,10.45463457107544,0.006158902309834957
1874,8.386434364318848,0.7550500631332397
1875,10.121950817108154,0.017581980675458908
1876,9.43456573486328,0.0028486503288149834
1877,10.500939559936523,0.15220646560192108
1878,10.488774871826172,0.37647125124931335
1879,11.268927001953125,1.2619099617004395
1880,10.781588268280029,0.5064493417739868
1881,8.347975921630859,0.0056963637471199036
1882,9.14781494140625,0.01068226620554924
1883,9.814926147460938,0.13352042436599731
1884,8.29327883720398,0.5922773480415344
1885,7.602258586883545,0.014050529338419437
1886,10.054833602905273,0.009920009411871433
1887,8.692471981048584,0.5260869264602661
1888,11.697768211364746,0.6326676607131958
1889,10.611299324035645,0.3896632194519043
1890,14.021210479736329,0.9616340398788452
1891,5.832446527481079,0.007400329690426588
1892,10.652149772644043,0.13135318458080292
1893,10.574766445159913,1.4993525743484497
1894,8.036751556396485,1.2574409246444702
1895,10.891546440124511,0.26356175541877747
1896,9.696275329589843,3.0726418495178223
1897,6.347691202163697,0.0073972418904304504
1898,12.85432996749878,0.011430301703512669
1899,7.695846652984619,0.342754065990448
1900,13.88559856414795,0.9614369869232178
1901,9.989498233795166,0.29905596375465393
1902,7.115548419952392,0.2672889232635498
1903,6.36857271194458,0.28187820315361023
1904,9.36266794204712,0.2530708611011505
1905,9.361230182647706,0.08138827979564667
1906,8.606724739074707,1.7827740907669067
1907,8.88862657546997,0.006453217007219791
1908,7.8771843910217285,0.7572328448295593
1909,9.359807109832763,0.004394455812871456
1910,13.38632755279541,0.6317083239555359
1911,11.683474159240722,0.7447338700294495
1912,7.670962476730347,0.6329436898231506
1913,10.627560234069824,0.6313362121582031
1914,10.819621372222901,0.973644495010376
1915,9.334024047851562,0.10929755121469498
1916,9.177774429321289,0.13376952707767487
1917,8.448248767852784,0.24023601412773132
1918,7.758654499053955,1.258254885673523
1919,8.598762512207031,0.2193167805671692
1920,9.387610244750977,0.6350621581077576
1921,9.620286560058593,0.04341872036457062
1922,9.180414390563964,0.13694363832473755
1923,9.315347170829773,0.3327637016773224
1924,9.478109741210938,0.8715683817863464
1925,7.935388660430908,0.7561423182487488
1926,8.970930194854736,2.7074482440948486
1927,13.013615226745605,0.011342383921146393
1928,8.034521865844727,1.2683792114257812
1929,9.7597412109375,0.08031728863716125
1930,7.051036930084228,0.6475355625152588
1931,11.443372344970703,0.017702719196677208
1932,7.082477664947509,0.2589361369609833
1933,6.83316478729248,2.649172782897949
1934,9.335151386260986,1.263708472251892
1935,11.909063529968261,0.6351170539855957
1936,8.063348293304443,0.127548485994339
1937,8.336214399337768,1.3235218524932861
1938,8.08238925933838,0.45735597610473633
1939,10.747378540039062,0.008737307973206043
1940,9.254833889007568,1.1030030250549316
1941,5.775768375396728,0.12453312426805496
1942,9.321364879608154,0.4101388454437256
1943,11.072759056091309,0.04365364834666252
1944,10.224341201782227,1.3922890424728394
1945,14.464079475402832,0.00969089474529028
1946,9.445699739456177,0.7553430795669556
1947,8.60198621749878,1.7298154830932617
1948,11.466556453704834,0.21256060898303986
1949,9.17067518234253,0.7710285782814026
1950,12.303018474578858,0.12909477949142456
1951,9.22148084640503,1.0596604347229004
1952,8.01553897857666,1.2542858123779297
1953,10.549746131896972,0.7587814331054688
1954,9.755220794677735,0.531353235244751
1955,6.826851892471313,0.7589370012283325
1956,9.04469051361084,0.6992323398590088
1957,10.324187850952148,0.8903681039810181
1958,5.164033555984497,0.13842031359672546
1959,9.063495254516601,0.6324011087417603
1960,11.404661178588867,0.2606375217437744
1961,10.81963005065918,0.13496538996696472
1962,9.80883493423462,0.6305831074714661
1963,7.945726490020752,0.010307803750038147
1964,7.421439838409424,0.2546527087688446
1965,9.944787073135377,0.41314616799354553
1966,13.173746109008789,0.005516285076737404
1967,8.361830234527588,0.13431987166404724
1968,13.010771751403809,1.0461008548736572
1969,6.400974607467651,1.5113530158996582
1970,10.504044818878175,0.9753901362419128
1971,7.631919097900391,0.004470495041459799
1972,9.706510066986084,0.006252155639231205
1973,9.564504909515382,0.188459575176239
1974,9.190968227386474,0.005619408562779427
1975,8.049905681610108,1.7407934665679932
1976,8.82618589401245,0.008662043139338493
1977,9.268191146850587,0.9087440371513367
1978,11.052433204650878,1.0992799997329712
1979,11.751551151275635,0.009485865011811256
1980,11.82794418334961,0.6347597241401672
1981,8.348119163513184,0.11332537233829498
1982,9.09678955078125,0.6461294889450073
1983,11.43712854385376,0.1393386423587799
1984,10.72872714996338,0.6325123906135559
1985,7.062721538543701,0.011440793983638287
1986,9.23899450302124,0.9393935203552246
1987,11.136237335205077,0.6368853449821472
1988,8.515391206741333,0.004681125283241272
1989,11.032519054412841,0.037668123841285706
1990,10.667715072631836,0.6286892890930176
1991,8.78609037399292,1.1962586641311646
1992,8.926094722747802,0.6640902161598206
1993,10.102478408813477,0.837403416633606
1994,9.537716293334961,0.0062331934459507465
1995,9.550346660614014,0.08624174445867538
1996,9.958985805511475,0.006642262917011976
1997,10.193845176696778,1.2585760354995728
1998,6.693913459777832,0.01023402251303196
1999,11.583006191253663,0.07326889783143997
2000,9.899196434020997,0.14016598463058472
